{
  "n": 280,
  "pearson_r": 0.4447695881801814,
  "pearson_ci_lo": 0.3455646890922704,
  "pearson_ci_hi": 0.534142684322868,
  "pearson_p": 5.23719881151382e-15,
  "spearman_rho": 0.4306973192288485,
  "spearman_p": 4.494061029941516e-14
}