{
  "r_macro": 0.5718684836325807,
  "ci_lo": 0.48424031036129755,
  "ci_hi": 0.6481379881116834,
  "sum_weights": 259.0,
  "k_used": 7
}