emotion,tsne_x,tsne_y
angry,-34.44673538208008,-2.1224985122680664
disgusted,-0.20794279873371124,-13.804375648498535
fearful,-18.120145797729492,-3.6436688899993896
happy,-3.555398941040039,21.394256591796875
neutral,18.17020034790039,7.726626396179199
sad,24.08124351501465,-11.071868896484375
surprised,-17.35873031616211,15.492873191833496
