perplexity,trust,silhouette,f1_3nn,kl
10.0,0.9827504725897921,0.21358390152454376,0.9392576604788925,0.5108034014701843
15.0,0.9822734852695942,0.2302367389202118,0.9572125607122739,0.4867560565471649
20.0,0.9800143143429717,0.20117990672588348,0.9464677119945176,0.4760149419307709
25.0,0.9762703659976387,0.20892369747161865,0.9428141275765222,0.4520185589790344
30.0,0.9721159508579551,0.19726420938968658,0.9392539653436902,0.4371928870677948
35.0,0.9584208397015194,0.20221781730651855,0.93188016970416,0.4572175145149231
40.0,0.9491555483241132,0.23621374368667603,0.9319860570632414,0.45548129081726074
